time,A,B,C,D,E
1,0,0,0,0,0
2,0,0,0,0,0
3,0,0,0,0,0
4,0,0,0,0,0
5,0,0,0,0,0
6,0,0,0,0,0
7,0,0,0,0,0
8,0,0,0,0,0
9,0,0,0,0,0
10,0,0,0,0,0
11,0,0,0,0,0
12,0,0,0,0,0
13,0,0,0,0,0
14,0,0,0,0,0
15,0,0,0,0,0
16,0,0,0,0,0
17,0,0,0,0,0
18,0,0,0,0,0
19,0,0,0,0,0
20,0,0,0,0,0
21,0,0,0,0,0
22,0,0,0,0,0
23,0,0,0,0,0
24,0,0,0,0,0
25,0,0,0,0,0
26,0,0,0,0,0
27,0,0,0,0,0
28,0,0,0,0,0
29,0,0,0,0,0
30,0,0,0,0,0
31,0,0,0,0,0
32,0,0,0,0,0
33,0,0,0,0,0
34,0,0,0,0,0
35,0,0,0,0,0
36,0,0,0,0,0
37,0,0,0,0,0
38,0,0,0,0,0
39,0,0,0,0,0
40,0,0,0,0,0
41,0,0,0,0,0
42,0,0,0,0,0
43,0,0,0,0,0
44,0,0,0,0,0
45,0,0,0,0,0
46,0,0,0,0,0
47,0,0,0,0,0
48,0,0,0,0,0
49,0,0,0,0,0
50,0,0,0,0,0
51,0,0,0,0,0
52,0,0,0,0,0
53,0,0,0,0,0
54,0,0,0,0,0
55,0,0,0,0,0
56,0,0,0,0,0
57,0,0,0,0,0
58,0,0,0,0,0
59,0,0,0,0,0
60,0,0,0,0,0
61,0,0,0,0,0
62,0,0,0,0,0
63,0,0,0,0,0
64,0,0,0,0,0
65,0,0,0,0,0
66,0,0,0,0,0
67,0,0,0,0,0
68,0,0,0,0,0
69,0,0,0,0,0
70,0,0,0,0,0
71,0,0,0,0,0.005
72,0,0,0,0,0.005
73,0,0,0,0,0.01
74,0,0.005,0,0,0.015
75,0.04,0.01,0.04,0.02,0.015
76,0.04,0.03,0.04,0.06,0.03
77,0.06,0.05,0.06,0.08,0.055
78,0.1,0.07,0.14,0.14,0.1
79,0.12,0.105,0.16,0.2,0.15
80,0.22,0.165,0.22,0.26,0.22
81,0.32,0.265,0.28,0.4,0.33
82,0.34,0.41,0.38,0.52,0.5
83,0.52,0.59,0.54,0.72,0.74
84,0.64,0.775,0.74,0.96,1
85,0.92,1.09,1.02,1.32,1.255
86,1.04,1.475,1.3,1.72,1.545
87,1.18,1.82,1.66,2.06,1.935
88,1.44,2.21,2.14,2.3,2.37
89,1.7,2.505,2.52,2.68,2.745
90,2.12,2.89,2.82,2.92,3.23
91,2.52,3.27,3.26,3.54,3.705
92,2.82,3.75,3.6,4,4.07
93,3.02,4.205,4.02,4.56,4.515
94,3.3,4.615,4.42,4.84,4.97
95,3.52,5.04,5,5.34,5.5
96,3.92,5.52,5.32,5.76,5.99
97,4.36,5.96,5.82,6.24,6.44
98,4.58,6.38,6.22,6.52,6.91
99,4.92,6.84,6.78,7.1,7.37
100,5.24,7.27,7.12,7.6,7.865
101,5.48,7.82,7.56,8.24,8.455
102,5.86,8.32,8.04,8.8,8.89
103,6.2,8.86,8.68,9.34,9.38
104,6.64,9.265,9.22,9.7,9.995
105,7.08,9.71,9.74,10.34,10.55
106,7.38,10.13,10.26,10.82,11.045
107,7.68,10.665,10.82,11.4,11.605
108,8.08,11.215,11.4,11.9,12.13
109,8.5,11.725,11.88,12.52,12.63
110,8.78,12.27,12.6,13.22,13.18
111,9.18,12.765,12.98,13.68,13.84
112,9.56,13.3,13.5,14.16,14.385
113,10,13.775,14.02,14.8,14.94
114,10.38,14.26,14.58,15.3,15.58
115,10.66,14.745,15.18,16.04,16.03
116,11.1,15.19,15.84,16.58,16.6
117,11.4,15.72,16.22,16.98,17.165
118,11.74,16.18,16.74,17.54,17.66
119,11.96,16.74,17.06,18,18.285
120,12.24,17.315,17.74,18.44,18.905
121,12.62,17.765,18.28,18.94,19.465
122,13.06,18.2,18.78,19.58,20.03
123,13.42,18.645,19.48,20.08,20.57
124,13.8,19.165,20.24,20.9,21.13
125,14.24,19.625,20.72,21.6,21.77
126,14.56,20.06,21.22,22.2,22.32
127,14.8,20.59,21.76,22.72,22.905
128,15.12,21.13,22.2,23.08,23.44
129,15.38,21.665,22.74,23.52,23.99
130,15.82,22.19,23.34,24.12,24.55
131,16.12,22.78,23.8,24.76,25.135
132,16.6,23.205,24.42,25.48,25.71
133,17,23.59,24.94,25.9,26.35
134,17.46,24.005,25.56,26.44,26.865
135,17.86,24.525,26.02,27.06,27.385
136,18.12,25.07,26.48,27.54,27.93
137,18.48,25.555,27.14,28.2,28.515
138,18.8,26.075,27.74,28.82,29.22
139,19.26,26.615,28.22,29.36,29.79
140,19.6,27.06,28.68,30.02,30.26
141,20,27.55,29.2,30.54,30.785
142,20.28,28.095,29.8,31.04,31.435
143,20.74,28.54,30.28,31.54,32.1
144,21.1,29.05,30.9,32.28,32.54
145,21.44,29.44,31.4,32.74,33.08
146,21.78,29.975,32.16,33.32,33.625
147,22.12,30.495,32.72,33.78,34.23
148,22.4,30.935,33.16,34.26,34.835
149,22.88,31.455,33.82,34.78,35.4
150,23.24,31.985,34.38,35.44,35.965
151,23.52,32.61,34.86,36,36.5
152,23.92,33.03,35.5,36.54,37.025
153,24.26,33.5,36.12,37.04,37.62
154,24.58,33.965,36.82,37.64,38.23
155,25.02,34.47,37.24,38.16,38.73
156,25.36,34.93,37.68,38.74,39.37
157,25.72,35.515,38,39.18,39.91
158,25.96,35.945,38.52,39.8,40.44
159,26.28,36.38,39.12,40.44,41.06
160,26.62,36.865,39.76,41,41.565
161,27.02,37.315,40.26,41.52,42.085
162,27.36,37.9,40.88,42.06,42.64
163,27.72,38.38,41.5,42.62,43.175
164,28.04,38.89,42.32,43.16,43.795
165,28.42,39.385,42.76,43.78,44.335
166,28.8,39.875,43.16,44.24,44.945
167,29.32,40.39,43.64,44.86,45.435
168,29.62,40.8,44.32,45.42,46.03
169,29.94,41.265,44.8,46.16,46.57
170,30.26,41.735,45.4,46.82,47.225
171,30.72,42.315,46,47.46,47.895
172,31.16,42.85,46.62,47.94,48.44
173,31.44,43.345,47.26,48.36,49.04
174,31.78,43.71,47.7,48.82,49.555
175,32.08,44.265,48.08,49.32,50.065
176,32.42,44.77,48.84,50.1,50.625
177,32.84,45.32,49.44,50.74,51.185
178,33.2,45.765,49.9,51.16,51.86
179,33.4,46.305,50.56,51.76,52.42
180,33.84,46.82,51.16,52.4,52.99
181,34.18,47.26,51.64,52.9,53.54
182,34.52,47.72,52.28,53.4,54
183,34.9,48.175,52.74,53.86,54.65
184,35.24,48.695,53.2,54.52,55.23
185,35.62,49.28,53.98,55.12,55.75
186,36,49.785,54.54,55.68,56.285
187,36.4,50.28,55.12,56.3,56.915
188,36.72,50.735,55.58,56.78,57.525
189,37.12,51.28,56.24,57.38,58.11
190,37.42,51.805,56.66,57.82,58.625
191,37.76,52.33,57.34,58.36,59.17
192,38.26,52.805,57.88,58.88,59.655
193,38.64,53.27,58.36,59.44,60.305
194,38.94,53.725,59.08,59.98,60.895
195,39.22,54.23,59.56,60.54,61.455
196,39.68,54.675,60.18,61.18,62.03
197,40.06,55.155,60.6,61.72,62.635
198,40.32,55.625,61.1,62.26,63.115
199,40.62,56.165,61.76,62.88,63.685
200,40.96,56.725,62.34,63.4,64.16
201,41.42,57.22,62.82,63.96,64.835
202,41.92,57.74,63.48,64.38,65.45
203,42.18,58.225,63.98,64.84,65.91
204,42.54,58.765,64.64,65.42,66.545
205,42.98,59.275,65.12,66.04,67.175
206,43.24,59.84,65.64,66.76,67.71
207,43.64,60.405,66.22,67.34,68.205
208,43.96,60.805,66.82,67.92,68.8
209,44.34,61.375,67.48,68.36,69.38
210,44.84,61.85,67.98,68.9,69.905
211,45.14,62.355,68.42,69.42,70.475
212,45.54,62.8,68.88,69.92,71.06
213,45.8,63.22,69.52,70.58,71.715
214,46.2,63.635,70.1,71.36,72.27
215,46.48,64.185,70.68,71.74,72.855
216,46.88,64.66,71.12,72.06,73.36
217,47.3,65.26,71.68,72.7,73.995
218,47.64,65.74,72.3,73.36,74.565
219,47.9,66.14,72.8,74.06,75.14
220,48.26,66.615,73.16,74.56,75.645
221,48.7,67.145,73.64,75.12,76.18
222,49.04,67.66,74.38,75.64,76.715
223,49.46,68.1,74.9,76,77.31
224,49.72,68.62,75.5,76.68,78
225,50.14,69.09,75.84,77.22,78.55
226,50.6,69.595,76.38,77.96,79.185
227,51,70.07,77.04,78.5,79.72
228,51.32,70.555,77.56,79.04,80.18
229,51.68,71.06,78.14,79.68,80.695
230,52.06,71.585,78.56,80.14,81.28
231,52.34,72.08,79.28,80.56,81.815
232,52.74,72.575,79.74,81.32,82.365
233,53.1,73.075,80.28,81.8,83.02
234,53.44,73.565,81,82.5,83.625
235,53.82,74.135,81.5,82.98,84.17
236,54.18,74.475,81.98,83.58,84.735
237,54.6,75.02,82.54,84.18,85.265
238,55.1,75.55,83,84.7,85.795
239,55.38,76.12,83.48,85.18,86.385
240,55.52,76.625,83.94,85.54,86.98
241,55.88,77.08,84.58,86.08,87.48
242,56.24,77.57,85.24,86.66,88.105
243,56.72,78.03,85.7,87.24,88.66
244,56.98,78.53,86.12,88.06,89.275
245,57.42,78.985,86.82,88.58,89.83
246,57.76,79.495,87.56,89.16,90.395
247,58.12,80.015,88.16,89.62,90.96
248,58.52,80.465,88.76,90.2,91.555
249,58.82,80.935,89.28,90.7,92.09
250,59.14,81.525,89.84,91.18,92.6
251,59.54,82.01,90.3,91.66,93.175
252,60.04,82.575,91.02,92.22,93.695
253,60.24,82.99,91.48,92.78,94.245
254,60.5,83.505,91.92,93.32,94.86
255,60.92,84.04,92.4,93.82,95.465
256,61.34,84.55,92.96,94.46,96.02
257,61.7,85.025,93.68,95.1,96.52
258,61.92,85.465,94.2,95.68,97.155
259,62.2,86.08,94.8,96.4,97.64
260,62.6,86.59,95.4,96.88,98.195
261,63.02,87.16,96.04,97.42,98.76
262,63.36,87.61,96.48,98.02,99.325
263,63.66,88.14,97,98.46,100.015
264,64.04,88.615,97.46,99.04,100.675
265,64.44,89.055,98.1,99.62,101.18
266,64.92,89.535,98.86,100.28,101.72
267,65.2,90.07,99.58,100.8,102.245
268,65.58,90.635,99.98,101.5,102.805
269,65.86,91.15,100.48,101.9,103.46
270,66.08,91.645,100.92,102.5,104.065
271,66.36,92.165,101.6,102.94,104.575
272,66.8,92.635,102.28,103.7,105.225
273,67.24,93.155,102.76,104.16,105.76
274,67.64,93.635,103.42,104.68,106.365
275,68.08,94.135,103.98,105.22,106.965
276,68.34,94.61,104.48,105.76,107.425
277,68.8,95.125,104.92,106.42,108.02
278,68.92,95.74,105.42,106.86,108.63
279,69.24,96.315,105.94,107.42,109.26
280,69.5,96.855,106.6,107.96,109.805
281,70.02,97.365,107.42,108.52,110.355
282,70.38,97.77,107.88,109.16,110.92
283,70.8,98.32,108.44,109.54,111.56
284,71.2,98.875,109,110.24,112.085
285,71.5,99.365,109.52,110.8,112.675
286,71.86,99.895,110.04,111.34,113.2
287,72.08,100.395,110.52,111.94,113.775
288,72.42,100.94,111.14,112.34,114.295
289,72.8,101.335,111.82,112.94,114.9
290,73.12,101.825,112.5,113.66,115.5
291,73.7,102.365,113.04,114.14,115.945
292,74.08,102.935,113.46,114.72,116.59
293,74.32,103.43,114.18,115.34,117.23
294,74.6,103.975,114.66,115.84,117.805
295,75.04,104.46,115.2,116.38,118.365
296,75.42,104.895,115.6,117.02,118.935
297,75.78,105.47,116.16,117.56,119.465
298,76.08,105.875,116.76,118,120.02
299,76.5,106.445,117.36,118.46,120.635
300,76.82,106.995,118.08,118.94,121.11
301,77.22,107.51,118.54,119.56,121.63
302,77.56,108.04,119.04,120.04,122.13
303,77.84,108.57,119.62,120.72,122.695
304,78.2,109.015,120.2,121.2,123.33
305,78.46,109.57,120.76,121.78,123.845
306,78.86,110.08,121.38,122.44,124.335
307,79.18,110.63,121.8,123.02,124.83
308,79.68,111.105,122.56,123.5,125.375
309,80.12,111.515,123.18,124.14,125.98
310,80.48,112.035,123.76,124.64,126.485
311,80.84,112.655,124.28,125.24,127.1
312,81.1,113.2,124.74,125.72,127.575
313,81.46,113.685,125.34,126.18,128.015
314,81.64,114.17,125.78,126.74,128.625
315,82.12,114.65,126.4,127.2,129.11
316,82.64,115.13,126.92,127.72,129.645
317,82.98,115.545,127.48,128.24,130.185
318,83.32,116.09,128.04,128.76,130.66
319,83.7,116.69,128.64,129.36,131.215
320,84.12,117.22,129.14,129.66,131.655
321,84.5,117.75,129.64,130.26,132.08
322,84.7,118.31,130.08,130.86,132.565
323,85.06,118.805,130.62,131.38,133.005
324,85.36,119.325,131.18,131.9,133.505
325,85.7,119.87,131.76,132.56,133.955
326,86.06,120.385,132.36,132.86,134.46
327,86.46,120.91,132.86,133.42,134.855
328,87.02,121.405,133.48,134,135.285
329,87.28,121.925,133.84,134.38,135.755
330,87.66,122.34,134.26,134.9,136.21
331,87.92,122.885,134.74,135.42,136.61
332,88.16,123.43,135.46,135.86,136.915
333,88.64,123.905,136.02,136.32,137.27
334,89,124.45,136.6,136.74,137.655
335,89.44,124.98,136.9,137.3,138.125
336,89.76,125.51,137.34,137.82,138.48
337,90.1,126.055,137.72,138.24,138.795
338,90.42,126.695,138.06,138.72,139.095
339,90.8,127.175,138.5,139.1,139.515
340,91.1,127.695,138.96,139.48,139.88
341,91.54,128.155,139.42,140.02,140.145
342,91.94,128.615,139.98,140.46,140.465
343,92.28,129.15,140.32,140.94,140.845
344,92.64,129.69,140.6,141.3,141.07
345,92.88,130.23,141.14,141.74,141.355
346,93.28,130.79,141.52,142.16,141.67
347,93.7,131.395,141.78,142.46,141.885
348,93.98,131.865,142.34,142.84,142.195
349,94.52,132.33,142.6,143.28,142.47
350,94.86,132.83,143.04,143.54,142.755
351,95.14,133.48,143.44,143.98,143.03
352,95.56,134.04,143.72,144.34,143.3
353,95.88,134.57,144.02,144.6,143.575
354,96.2,135.095,144.34,145.02,143.82
355,96.6,135.62,144.8,145.36,144.03
356,96.88,136.14,145.12,145.62,144.245
357,97.22,136.615,145.5,146.06,144.48
358,97.68,137.095,145.88,146.48,144.77
359,97.96,137.63,146.04,146.84,145.01
360,98.38,138.23,146.24,147.14,145.28
361,98.64,138.755,146.5,147.4,145.475
362,99.06,139.2,146.9,147.62,145.71
363,99.5,139.65,147.26,147.86,145.9
364,99.9,140.155,147.58,148.12,146.14
365,100.16,140.775,147.98,148.5,146.33
366,100.38,141.34,148.34,148.86,146.58
367,100.8,141.855,148.6,149.16,146.795
368,101.26,142.38,148.76,149.46,147.055
369,101.66,142.835,148.94,149.74,147.225
370,101.98,143.315,149.22,149.98,147.455
371,102.36,143.785,149.44,150.04,147.595
372,102.76,144.255,149.7,150.2,147.82
373,103.1,144.815,150,150.48,148.04
374,103.44,145.375,150.12,150.9,148.275
375,103.8,145.905,150.36,151.22,148.47
376,104.06,146.415,150.52,151.48,148.655
377,104.32,146.9,150.66,151.64,148.845
378,104.78,147.46,150.9,151.84,149.045
379,105.04,147.935,151.1,152.16,149.28
380,105.36,148.45,151.34,152.4,149.475
381,105.7,148.985,151.6,152.76,149.65
382,106.14,149.54,151.8,152.9,149.9
383,106.58,150.085,152,153.08,150.08
384,107.12,150.625,152.18,153.2,150.265
385,107.4,151.185,152.46,153.44,150.535
386,107.74,151.72,152.68,153.74,150.74
387,108.16,152.195,152.98,153.94,150.895
388,108.5,152.665,153.18,154.18,151.115
389,108.94,153.18,153.32,154.3,151.28
390,109.2,153.69,153.48,154.52,151.48
391,109.48,154.315,153.66,154.82,151.705
392,109.74,154.84,153.86,154.96,151.875
393,110.08,155.34,154.02,155.24,152.085
394,110.4,155.9,154.24,155.42,152.255
395,110.86,156.41,154.42,155.62,152.48
396,111.36,156.865,154.7,155.82,152.635
397,111.68,157.445,154.96,155.98,152.82
398,112.04,157.935,155.06,156.26,152.955
399,112.28,158.375,155.2,156.48,153.17
400,112.56,158.92,155.4,156.72,153.355
401,112.86,159.48,155.56,156.86,153.605
402,113.26,160.05,155.84,157.02,153.805
403,113.64,160.48,156,157.22,154.03
404,113.9,160.93,156.22,157.42,154.17
405,114.26,161.43,156.4,157.58,154.295
406,114.56,161.97,156.64,157.9,154.43
407,114.98,162.495,156.84,158.14,154.665
408,115.34,162.945,157.04,158.34,154.92
409,115.66,163.45,157.2,158.44,155.135
410,116.04,163.88,157.34,158.66,155.315
411,116.34,164.355,157.62,158.88,155.515
412,116.6,164.82,157.82,159.08,155.75
413,116.92,165.25,158.06,159.24,155.945
414,117.22,165.725,158.2,159.52,156.12
415,117.52,166.175,158.28,159.74,156.265
416,117.94,166.59,158.42,159.92,156.45
417,118.16,167.16,158.7,160.14,156.62
418,118.38,167.58,158.84,160.32,156.835
419,118.68,168.02,159.02,160.52,157.04
420,119.02,168.46,159.28,160.64,157.19
421,119.46,168.925,159.5,160.82,157.42
422,119.76,169.32,159.66,161.12,157.645
423,119.96,169.665,159.76,161.26,157.885
424,120.28,170.01,159.92,161.48,158.015
425,120.54,170.41,160.1,161.68,158.185
426,120.9,170.845,160.26,161.82,158.385
427,121.16,171.2,160.58,162.08,158.58
428,121.4,171.635,160.76,162.16,158.795
429,121.62,172.02,160.84,162.42,158.99
430,121.96,172.36,161,162.56,159.145
431,122.28,172.755,161.12,162.78,159.395
432,122.52,173.04,161.28,163.02,159.625
433,122.82,173.435,161.44,163.24,159.79
434,123.12,173.72,161.66,163.48,160.01
435,123.42,174.105,161.88,163.6,160.165
436,123.74,174.425,162.06,163.72,160.335
437,124.04,174.76,162.28,163.82,160.58
438,124.28,175.08,162.48,164.04,160.775
439,124.54,175.375,162.6,164.28,160.965
440,124.7,175.635,162.82,164.58,161.16
441,125.02,175.98,162.96,164.78,161.345
442,125.3,176.275,163.24,164.86,161.585
443,125.6,176.545,163.4,165.08,161.745
444,125.88,176.785,163.48,165.14,161.94
445,126.08,177.01,163.62,165.36,162.13
446,126.32,177.325,163.8,165.5,162.32
447,126.52,177.62,164.06,165.74,162.485
448,126.88,177.98,164.2,165.96,162.675
449,127.14,178.26,164.34,166.14,162.86
450,127.36,178.5,164.66,166.38,163.045
451,127.54,178.735,164.82,166.48,163.275
452,127.78,178.98,164.92,166.66,163.47
453,128.06,179.2,165.1,166.86,163.68
454,128.4,179.445,165.34,166.98,163.895
455,128.6,179.665,165.56,167.16,164.095
456,128.9,179.895,165.7,167.4,164.25
457,129.2,180.1,165.84,167.66,164.425
458,129.36,180.33,166.04,167.76,164.595
459,129.54,180.57,166.24,167.92,164.82
460,129.74,180.715,166.48,168.16,165.005
461,129.98,180.92,166.66,168.26,165.215
462,130.26,181.135,166.76,168.44,165.42
463,130.44,181.335,166.9,168.7,165.605
464,130.66,181.545,167.12,168.92,165.82
465,130.9,181.69,167.3,169.1,166
466,131.14,181.905,167.46,169.24,166.225
467,131.3,182.11,167.62,169.48,166.38
468,131.46,182.315,167.88,169.7,166.57
469,131.8,182.505,167.96,169.82,166.795
470,131.94,182.645,168.12,170,166.97
471,132.3,182.79,168.3,170.18,167.15
472,132.5,182.925,168.56,170.3,167.36
473,132.72,183.04,168.7,170.56,167.58
474,132.82,183.195,168.82,170.88,167.77
475,132.98,183.33,169.04,170.98,167.925
476,133.2,183.495,169.2,171.16,168.075
477,133.46,183.625,169.3,171.36,168.3
478,133.62,183.77,169.5,171.56,168.465
479,133.8,183.895,169.6,171.7,168.68
480,134.04,184.015,169.86,171.9,168.925
481,134.28,184.135,170,172.14,169.1
482,134.58,184.255,170.2,172.32,169.255
483,134.76,184.37,170.42,172.54,169.445
484,134.9,184.48,170.64,172.7,169.595
485,135.04,184.61,170.82,172.86,169.805
486,135.32,184.705,170.94,172.94,170.03
487,135.5,184.82,171.1,173.08,170.21
488,135.68,184.945,171.3,173.36,170.37
489,135.92,185.06,171.5,173.5,170.53
490,136.06,185.135,171.6,173.66,170.73
491,136.22,185.22,171.78,173.88,170.92
492,136.46,185.27,172,174.04,171.11
493,136.7,185.335,172.2,174.22,171.32
494,136.92,185.38,172.42,174.34,171.475
495,137.06,185.49,172.56,174.54,171.615
496,137.22,185.575,172.72,174.78,171.83
497,137.42,185.655,172.98,175.02,172.02
498,137.64,185.72,173.16,175.22,172.22
499,137.98,185.785,173.28,175.38,172.43
500,138.16,185.845,173.36,175.52,172.62
501,138.32,185.885,173.66,175.66,172.8
502,138.5,185.96,173.86,175.72,173.03
503,138.72,186.015,174.02,175.86,173.22
504,138.86,186.08,174.26,176.12,173.455
505,139,186.12,174.34,176.32,173.655
506,139.26,186.17,174.46,176.52,173.84
507,139.5,186.22,174.62,176.78,173.995
508,139.66,186.27,174.74,176.88,174.19
509,139.8,186.315,175.04,177.04,174.385
510,140.08,186.355,175.3,177.24,174.585
511,140.3,186.39,175.46,177.54,174.755
512,140.52,186.445,175.62,177.6,174.96
513,140.7,186.465,175.72,177.74,175.12
514,140.88,186.505,175.98,177.92,175.355
515,141.04,186.565,176.18,178.1,175.565
516,141.22,186.615,176.3,178.28,175.695
517,141.46,186.635,176.5,178.4,175.88
518,141.72,186.66,176.74,178.52,176.095
519,141.88,186.675,176.8,178.74,176.27
520,142.06,186.685,177,178.92,176.505
521,142.2,186.705,177.16,179.2,176.685
522,142.38,186.72,177.34,179.34,176.87
523,142.58,186.755,177.6,179.58,177.025
524,142.7,186.765,177.7,179.64,177.2
525,142.94,186.785,177.8,179.76,177.38
526,143.22,186.82,178.06,179.88,177.585
527,143.44,186.83,178.22,180.08,177.75
528,143.66,186.84,178.34,180.32,177.915
529,143.94,186.855,178.52,180.52,178.145
530,144.14,186.86,178.78,180.7,178.31
531,144.28,186.88,178.96,180.78,178.5
532,144.54,186.895,179.16,180.8,178.71
533,144.74,186.895,179.34,180.98,178.9
534,144.94,186.91,179.5,181.12,179.06
535,145.12,186.92,179.66,181.3,179.225
536,145.28,186.925,179.8,181.48,179.39
537,145.44,186.925,179.92,181.6,179.565
538,145.66,186.935,180,181.68,179.77
539,145.8,186.94,180.26,181.82,179.91
540,146.06,186.95,180.4,181.94,180.085
541,146.12,186.955,180.56,182.02,180.245
542,146.42,186.955,180.72,182.1,180.45
543,146.62,186.955,180.94,182.16,180.635
544,146.96,186.96,181.18,182.22,180.8
545,147.12,186.965,181.28,182.34,180.96
546,147.32,186.965,181.48,182.48,181.17
547,147.44,186.965,181.62,182.54,181.335
548,147.58,186.97,181.8,182.66,181.55
549,147.82,186.97,182,182.76,181.695
550,148.06,186.97,182.1,182.9,181.9
551,148.36,186.975,182.3,182.94,182.04
552,148.56,186.98,182.48,183.04,182.205
553,148.7,186.98,182.54,183.1,182.39
554,148.84,186.98,182.78,183.14,182.545
555,149.04,186.98,182.84,183.18,182.715
556,149.26,186.98,183,183.28,182.84
557,149.42,186.98,183.1,183.34,183
558,149.68,186.98,183.3,183.42,183.16
559,149.92,186.98,183.42,183.48,183.31
560,150.1,186.985,183.6,183.48,183.48
561,150.3,186.985,183.68,183.54,183.615
562,150.36,186.99,183.84,183.64,183.79
563,150.56,186.99,184.02,183.64,183.91
564,150.86,186.99,184.2,183.68,184.06
565,151.06,186.99,184.3,183.72,184.16
566,151.32,186.99,184.38,183.8,184.265
567,151.44,186.99,184.54,183.88,184.405
568,151.58,186.99,184.64,183.94,184.505
569,151.76,186.995,184.8,183.94,184.64
570,152.1,186.995,184.82,183.96,184.77
571,152.22,186.995,184.96,184,184.91
572,152.56,187,185.12,184.04,184.995
573,152.7,187,185.2,184.08,185.145
574,152.82,,185.34,184.14,185.225
575,153,,185.38,184.2,185.33
576,153.18,,185.52,184.24,185.435
577,153.38,,185.62,184.24,185.515
578,153.66,,185.68,184.24,185.605
579,153.84,,185.78,184.28,185.675
580,154,,185.84,184.36,185.765
581,154.06,,185.94,184.42,185.845
582,154.32,,185.98,184.46,185.9
583,154.52,,186,184.48,185.94
584,154.74,,186.04,184.48,186.015
585,155.06,,186.08,184.52,186.075
586,155.18,,186.16,184.52,186.155
587,155.36,,186.28,184.6,186.245
588,155.64,,186.28,184.62,186.3
589,155.82,,186.3,184.66,186.35
590,156.02,,186.34,184.7,186.395
591,156.16,,186.36,184.74,186.455
592,156.46,,186.42,184.76,186.51
593,156.68,,186.48,184.86,186.565
594,156.86,,186.48,184.88,186.585
595,157.1,,186.54,184.88,186.625
596,157.16,,186.58,184.88,186.65
597,157.3,,186.62,184.88,186.685
598,157.48,,186.66,184.96,186.715
599,157.74,,186.7,185,186.73
600,158.02,,186.72,185,186.74
601,158.2,,186.76,185.04,186.775
602,158.3,,186.76,185.08,186.785
603,158.54,,186.76,185.08,186.795
604,158.68,,186.8,185.12,186.805
605,158.88,,186.82,185.14,186.83
606,159.02,,186.84,185.18,186.845
607,159.26,,186.86,185.2,186.86
608,159.52,,186.86,185.22,186.87
609,159.74,,186.88,185.26,186.875
610,160,,186.88,185.28,186.89
611,160.24,,186.88,185.32,186.905
612,160.34,,186.92,185.34,186.91
613,160.5,,186.92,185.42,186.915
614,160.72,,186.92,185.46,186.92
615,160.94,,186.96,185.5,186.945
616,161.16,,186.96,185.5,186.945
617,161.48,,186.96,185.52,186.95
618,161.58,,186.98,185.54,186.955
619,161.82,,186.98,185.56,186.96
620,162.02,,186.98,185.58,186.96
621,162.18,,186.98,185.6,186.96
622,162.36,,186.98,185.62,186.965
623,162.54,,186.98,185.62,186.97
624,162.8,,186.98,185.66,186.97
625,163.02,,186.98,185.72,186.97
626,163.22,,186.98,185.74,186.975
627,163.44,,186.98,185.74,186.98
628,163.58,,186.98,185.78,186.98
629,163.72,,187,185.8,186.98
630,163.9,,187,185.8,186.98
631,164.24,,,185.84,186.98
632,164.38,,,185.9,186.98
633,164.56,,,185.94,186.98
634,164.74,,,185.94,186.98
635,164.96,,,185.94,186.985
636,165.12,,,186,186.985
637,165.32,,,186.02,186.985
638,165.48,,,186.06,186.985
639,165.76,,,186.06,186.99
640,165.98,,,186.08,186.99
641,166.2,,,186.1,186.995
642,166.34,,,186.14,187
643,166.52,,,186.14,187
644,166.78,,,186.18,
645,166.96,,,186.2,
646,167.1,,,186.24,
647,167.18,,,186.26,
648,167.46,,,186.3,
649,167.74,,,186.32,
650,167.98,,,186.32,
651,168.16,,,186.34,
652,168.28,,,186.36,
653,168.48,,,186.38,
654,168.76,,,186.4,
655,168.92,,,186.42,
656,169.06,,,186.42,
657,169.28,,,186.44,
658,169.5,,,186.48,
659,169.6,,,186.48,
660,169.7,,,186.54,
661,170.06,,,186.54,
662,170.18,,,186.58,
663,170.44,,,186.58,
664,170.66,,,186.58,
665,170.84,,,186.6,
666,170.98,,,186.62,
667,171.32,,,186.64,
668,171.42,,,186.68,
669,171.6,,,186.7,
670,171.84,,,186.7,
671,172.04,,,186.72,
672,172.18,,,186.72,
673,172.3,,,186.74,
674,172.62,,,186.78,
675,172.76,,,186.82,
676,173,,,186.82,
677,173.16,,,186.82,
678,173.34,,,186.84,
679,173.56,,,186.88,
680,173.82,,,186.88,
681,174.06,,,186.9,
682,174.24,,,186.9,
683,174.4,,,186.92,
684,174.58,,,186.92,
685,174.66,,,186.94,
686,174.84,,,186.94,
687,175.16,,,186.94,
688,175.38,,,186.94,
689,175.56,,,186.94,
690,175.8,,,186.94,
691,175.94,,,186.94,
692,176.06,,,186.94,
693,176.22,,,186.94,
694,176.38,,,186.94,
695,176.64,,,186.94,
696,176.98,,,186.98,
697,177.16,,,186.98,
698,177.38,,,186.98,
699,177.52,,,187,
700,177.68,,,187,
701,177.82,,,,
702,178.02,,,,
703,178.3,,,,
704,178.44,,,,
705,178.54,,,,
706,178.88,,,,
707,179,,,,
708,179.24,,,,
709,179.42,,,,
710,179.64,,,,
711,179.76,,,,
712,180.02,,,,
713,180.14,,,,
714,180.32,,,,
715,180.6,,,,
716,180.7,,,,
717,180.92,,,,
718,181.12,,,,
719,181.34,,,,
720,181.44,,,,
721,181.68,,,,
722,181.8,,,,
723,182.02,,,,
724,182.2,,,,
725,182.38,,,,
726,182.58,,,,
727,182.76,,,,
728,182.86,,,,
729,183.02,,,,
730,183.2,,,,
731,183.36,,,,
732,183.58,,,,
733,183.82,,,,
734,183.94,,,,
735,184.06,,,,
736,184.22,,,,
737,184.38,,,,
738,184.48,,,,
739,184.7,,,,
740,184.76,,,,
741,184.86,,,,
742,185,,,,
743,185.16,,,,
744,185.34,,,,
745,185.42,,,,
746,185.56,,,,
747,185.72,,,,
748,185.74,,,,
749,185.78,,,,
750,185.88,,,,
751,185.96,,,,
752,186.04,,,,
753,186.12,,,,
754,186.24,,,,
755,186.26,,,,
756,186.3,,,,
757,186.36,,,,
758,186.38,,,,
759,186.5,,,,
760,186.6,,,,
761,186.64,,,,
762,186.7,,,,
763,186.74,,,,
764,186.76,,,,
765,186.78,,,,
766,186.82,,,,
767,186.84,,,,
768,186.88,,,,
769,186.88,,,,
770,186.88,,,,
771,186.9,,,,
772,186.9,,,,
773,186.9,,,,
774,186.92,,,,
775,186.92,,,,
776,186.92,,,,
777,186.92,,,,
778,186.92,,,,
779,186.92,,,,
780,186.92,,,,
781,186.92,,,,
782,186.92,,,,
783,186.92,,,,
784,186.94,,,,
785,186.94,,,,
786,186.96,,,,
787,186.96,,,,
788,186.96,,,,
789,186.96,,,,
790,186.98,,,,
791,187,,,,
792,187,,,,
